"Region","Category","Total_Revenue","Category_Rank"
Asia,Electronics,3804680.75,1
Asia,Toys,3749743.14,2
Asia,Clothing,3692730.21,3
Asia,Books,3677433.85,4
Asia,Home Appliances,3568283.18,5
Europe,Electronics,3796234.36,1
Europe,Toys,3749051.27,2
Europe,Books,3694627.92,3
Europe,Clothing,3656389.48,4
Europe,Home Appliances,3502678.3,5
North America,Books,3823250.11,1
North America,Electronics,3725905.14,2
North America,Toys,3696048.05,3
North America,Clothing,3685779.57,4
North America,Home Appliances,3488245.74,5
